{
  "id": "3190323",
  "name": "lightie-nav",
  "font_family": "iconfont",
  "css_prefix_text": "icon-",
  "description": "",
  "glyphs": [
    {
      "icon_id": "21497123",
      "name": "全部",
      "font_class": "aichegujiabeifen7",
      "unicode": "e602",
      "unicode_decimal": 58882
    },
    {
      "icon_id": "21497133",
      "name": "保养手册",
      "font_class": "baoyangshoucebeifen",
      "unicode": "e604",
      "unicode_decimal": 58884
    },
    {
      "icon_id": "21497138",
      "name": "首页",
      "font_class": "aichegujiabeifen5",
      "unicode": "e605",
      "unicode_decimal": 58885
    },
    {
      "icon_id": "21497150",
      "name": "发现好车",
      "font_class": "remaihaoche",
      "unicode": "e608",
      "unicode_decimal": 58888
    },
    {
      "icon_id": "27673584",
      "name": "旗",
      "font_class": "qi",
      "unicode": "e692",
      "unicode_decimal": 59026
    },
    {
      "icon_id": "27673612",
      "name": "日历",
      "font_class": "rili",
      "unicode": "e695",
      "unicode_decimal": 59029
    },
    {
      "icon_id": "27673613",
      "name": "图表",
      "font_class": "tubiao",
      "unicode": "e696",
      "unicode_decimal": 59030
    },
    {
      "icon_id": "27673617",
      "name": "日程",
      "font_class": "richeng",
      "unicode": "e694",
      "unicode_decimal": 59028
    }
  ]
}
